Model,Architecture,Accuracy,Precision,Recall,F1-Score,AUC
Dual Model,RoBERTa + LSTM + Emotion,0.9589877835951134,0.9645933014354067,0.9901768172888016,0.9772176442074648,0.9753883226915521
Logistic Regression,RoBERTa + Logistic Regression,0.9258289703315882,0.9605133267522211,0.9557956777996071,0.9581486952240276,0.9270321709233792
SVM,RoBERTa + SVM,0.9389179755671903,0.9372693726937269,0.9980353634577603,0.966698382492864,0.9594179764243616
Random Forest,RoBERTa + Random Forest,0.9171029668411868,0.9153915391539154,0.9990176817288802,0.9553781117895725,0.8779853266208251
